@id,@type,id,point,type,granularity,granularitytimezone,activity,classification,capacity,volume,percentage,emission,emissionfactor,validfrom,validto,lastupdate,current_datetime
/v1/utilizations/68698992757,Utilization,68698992757,/v1/points/0,/v1/types/2,/v1/granularities/5,/v1/granularity_time_zones/0,/v1/activities/1,/v1/classifications/1,0,0,0.0,0,0,2025-04-02T22:00:00+00:00,2025-04-02T23:00:00+00:00,2025-04-02T23:46:00+00:00,2025-04-03 18:50:35
/v1/utilizations/68698992758,Utilization,68698992758,/v1/points/0,/v1/types/2,/v1/granularities/5,/v1/granularity_time_zones/0,/v1/activities/1,/v1/classifications/1,0,0,0.0,0,0,2025-04-02T23:00:00+00:00,2025-04-03T00:00:00+00:00,2025-04-02T23:46:00+00:00,2025-04-03 18:50:35
/v1/utilizations/68698992759,Utilization,68698992759,/v1/points/0,/v1/types/2,/v1/granularities/5,/v1/granularity_time_zones/0,/v1/activities/1,/v1/classifications/1,0,0,0.0,0,0,2025-04-03T00:00:00+00:00,2025-04-03T01:00:00+00:00,2025-04-03T18:45:59+00:00,2025-04-03 18:50:35
/v1/utilizations/68698992760,Utilization,68698992760,/v1/points/0,/v1/types/2,/v1/granularities/5,/v1/granularity_time_zones/0,/v1/activities/1,/v1/classifications/1,0,0,0.0,0,0,2025-04-03T01:00:00+00:00,2025-04-03T02:00:00+00:00,2025-04-03T18:45:59+00:00,2025-04-03 18:50:35
/v1/utilizations/68698992761,Utilization,68698992761,/v1/points/0,/v1/types/2,/v1/granularities/5,/v1/granularity_time_zones/0,/v1/activities/1,/v1/classifications/1,0,0,0.0,0,0,2025-04-03T02:00:00+00:00,2025-04-03T03:00:00+00:00,2025-04-03T18:45:59+00:00,2025-04-03 18:50:35
/v1/utilizations/68698992762,Utilization,68698992762,/v1/points/0,/v1/types/2,/v1/granularities/5,/v1/granularity_time_zones/0,/v1/activities/1,/v1/classifications/1,0,0,0.0,0,0,2025-04-03T03:00:00+00:00,2025-04-03T04:00:00+00:00,2025-04-03T18:45:59+00:00,2025-04-03 18:50:35
/v1/utilizations/68698992763,Utilization,68698992763,/v1/points/0,/v1/types/2,/v1/granularities/5,/v1/granularity_time_zones/0,/v1/activities/1,/v1/classifications/1,0,0,0.0,0,0,2025-04-03T04:00:00+00:00,2025-04-03T05:00:00+00:00,2025-04-03T18:45:59+00:00,2025-04-03 18:50:35
/v1/utilizations/68698992764,Utilization,68698992764,/v1/points/0,/v1/types/2,/v1/granularities/5,/v1/granularity_time_zones/0,/v1/activities/1,/v1/classifications/1,200065,200065,0.00818210281431675,0,0,2025-04-03T05:00:00+00:00,2025-04-03T06:00:00+00:00,2025-04-03T18:45:59+00:00,2025-04-03 18:50:35
/v1/utilizations/68698992765,Utilization,68698992765,/v1/points/0,/v1/types/2,/v1/granularities/5,/v1/granularity_time_zones/0,/v1/activities/1,/v1/classifications/1,2490818,2490818,0.10186620056629181,0,0,2025-04-03T06:00:00+00:00,2025-04-03T07:00:00+00:00,2025-04-03T18:45:59+00:00,2025-04-03 18:50:35
/v1/utilizations/68698992766,Utilization,68698992766,/v1/points/0,/v1/types/2,/v1/granularities/5,/v1/granularity_time_zones/0,/v1/activities/1,/v1/classifications/1,6620280,6620280,0.2707437574863434,0,0,2025-04-03T07:00:00+00:00,2025-04-03T08:00:00+00:00,2025-04-03T18:45:59+00:00,2025-04-03 18:50:35
/v1/utilizations/68698992767,Utilization,68698992767,/v1/points/0,/v1/types/2,/v1/granularities/5,/v1/granularity_time_zones/0,/v1/activities/1,/v1/classifications/1,11862628,11862628,0.485128253698349,0,0,2025-04-03T08:00:00+00:00,2025-04-03T09:00:00+00:00,2025-04-03T18:45:59+00:00,2025-04-03 18:50:35
/v1/utilizations/68698992768,Utilization,68698992768,/v1/points/0,/v1/types/2,/v1/granularities/5,/v1/granularity_time_zones/0,/v1/activities/1,/v1/classifications/1,15895920,15895920,0.6500620245933533,0,0,2025-04-03T09:00:00+00:00,2025-04-03T10:00:00+00:00,2025-04-03T18:45:59+00:00,2025-04-03 18:50:35
/v1/utilizations/68698992769,Utilization,68698992769,/v1/points/0,/v1/types/2,/v1/granularities/5,/v1/granularity_time_zones/0,/v1/activities/1,/v1/classifications/1,18090367,18090367,0.7397927641868591,0,0,2025-04-03T10:00:00+00:00,2025-04-03T11:00:00+00:00,2025-04-03T18:45:59+00:00,2025-04-03 18:50:35
/v1/utilizations/68698992770,Utilization,68698992770,/v1/points/0,/v1/types/2,/v1/granularities/5,/v1/granularity_time_zones/0,/v1/activities/1,/v1/classifications/1,20178313,20178313,0.8251652717590332,0,0,2025-04-03T11:00:00+00:00,2025-04-03T12:00:00+00:00,2025-04-03T18:45:59+00:00,2025-04-03 18:50:35
/v1/utilizations/68698992771,Utilization,68698992771,/v1/points/0,/v1/types/2,/v1/granularities/5,/v1/granularity_time_zones/0,/v1/activities/1,/v1/classifications/1,20208504,20208504,0.8263872265815735,0,0,2025-04-03T12:00:00+00:00,2025-04-03T13:00:00+00:00,2025-04-03T18:45:59+00:00,2025-04-03 18:50:35
/v1/utilizations/68699302763,Utilization,68699302763,/v1/points/0,/v1/types/2,/v1/granularities/5,/v1/granularity_time_zones/0,/v1/activities/1,/v1/classifications/1,18423691,18423691,0.7533894777297974,0,0,2025-04-03T13:00:00+00:00,2025-04-03T14:00:00+00:00,2025-04-03T18:45:59+00:00,2025-04-03 18:50:35
/v1/utilizations/68699615180,Utilization,68699615180,/v1/points/0,/v1/types/2,/v1/granularities/5,/v1/granularity_time_zones/0,/v1/activities/1,/v1/classifications/1,15269618,15269618,0.6244025230407715,0,0,2025-04-03T14:00:00+00:00,2025-04-03T15:00:00+00:00,2025-04-03T18:45:59+00:00,2025-04-03 18:50:35
/v1/utilizations/68699929455,Utilization,68699929455,/v1/points/0,/v1/types/2,/v1/granularities/5,/v1/granularity_time_zones/0,/v1/activities/1,/v1/classifications/1,11021454,11021454,0.4506804943084717,0,0,2025-04-03T15:00:00+00:00,2025-04-03T16:00:00+00:00,2025-04-03T18:45:59+00:00,2025-04-03 18:50:35
/v1/utilizations/68700245588,Utilization,68700245588,/v1/points/0,/v1/types/2,/v1/granularities/5,/v1/granularity_time_zones/0,/v1/activities/1,/v1/classifications/1,6052252,6052252,0.24748024344444275,0,0,2025-04-03T16:00:00+00:00,2025-04-03T17:00:00+00:00,2025-04-03T18:45:59+00:00,2025-04-03 18:50:35
/v1/utilizations/68700565043,Utilization,68700565043,/v1/points/0,/v1/types/2,/v1/granularities/5,/v1/granularity_time_zones/0,/v1/activities/1,/v1/classifications/1,1899740,1899740,0.07768052816390991,0,0,2025-04-03T17:00:00+00:00,2025-04-03T18:00:00+00:00,2025-04-03T18:45:59+00:00,2025-04-03 18:50:35
/v1/utilizations/68700885269,Utilization,68700885269,/v1/points/0,/v1/types/2,/v1/granularities/5,/v1/granularity_time_zones/0,/v1/activities/1,/v1/classifications/1,52280,52280,0.0021377024240791798,0,0,2025-04-03T18:00:00+00:00,2025-04-03T19:00:00+00:00,2025-04-03T18:45:59+00:00,2025-04-03 18:50:35
/v1/utilizations/68701208440,Utilization,68701208440,/v1/points/0,/v1/types/2,/v1/granularities/5,/v1/granularity_time_zones/0,/v1/activities/1,/v1/classifications/1,0,0,0.0,0,0,2025-04-03T19:00:00+00:00,2025-04-03T20:00:00+00:00,2025-04-03T18:45:59+00:00,2025-04-03 18:50:35
/v1/utilizations/68701533469,Utilization,68701533469,/v1/points/0,/v1/types/2,/v1/granularities/5,/v1/granularity_time_zones/0,/v1/activities/1,/v1/classifications/1,0,0,0.0,0,0,2025-04-03T20:00:00+00:00,2025-04-03T21:00:00+00:00,2025-04-03T18:45:59+00:00,2025-04-03 18:50:35
/v1/utilizations/68701860356,Utilization,68701860356,/v1/points/0,/v1/types/2,/v1/granularities/5,/v1/granularity_time_zones/0,/v1/activities/1,/v1/classifications/1,0,0,0.0,0,0,2025-04-03T21:00:00+00:00,2025-04-03T22:00:00+00:00,2025-04-03T18:45:59+00:00,2025-04-03 18:50:35
/v1/utilizations/68702170350,Utilization,68702170350,/v1/points/0,/v1/types/2,/v1/granularities/5,/v1/granularity_time_zones/0,/v1/activities/1,/v1/classifications/1,0,0,0.0,0,0,2025-04-03T22:00:00+00:00,2025-04-03T23:00:00+00:00,2025-04-03T18:45:59+00:00,2025-04-03 18:50:35
/v1/utilizations/68702472642,Utilization,68702472642,/v1/points/0,/v1/types/2,/v1/granularities/5,/v1/granularity_time_zones/0,/v1/activities/1,/v1/classifications/1,0,0,0.0,0,0,2025-04-03T23:00:00+00:00,2025-04-04T00:00:00+00:00,2025-04-03T18:45:59+00:00,2025-04-03 18:50:35
/v1/utilizations/68702776856,Utilization,68702776856,/v1/points/0,/v1/types/2,/v1/granularities/5,/v1/granularity_time_zones/0,/v1/activities/1,/v1/classifications/1,0,0,0.0,0,0,2025-04-04T00:00:00+00:00,2025-04-04T01:00:00+00:00,2025-04-03T18:45:59+00:00,2025-04-03 18:50:35
/v1/utilizations/68703082986,Utilization,68703082986,/v1/points/0,/v1/types/2,/v1/granularities/5,/v1/granularity_time_zones/0,/v1/activities/1,/v1/classifications/1,0,0,0.0,0,0,2025-04-04T01:00:00+00:00,2025-04-04T02:00:00+00:00,2025-04-03T18:45:59+00:00,2025-04-03 18:50:35
/v1/utilizations/68703388102,Utilization,68703388102,/v1/points/0,/v1/types/2,/v1/granularities/5,/v1/granularity_time_zones/0,/v1/activities/1,/v1/classifications/1,0,0,0.0,0,0,2025-04-04T02:00:00+00:00,2025-04-04T03:00:00+00:00,2025-04-03T18:45:59+00:00,2025-04-03 18:50:35
/v1/utilizations/68703698026,Utilization,68703698026,/v1/points/0,/v1/types/2,/v1/granularities/5,/v1/granularity_time_zones/0,/v1/activities/1,/v1/classifications/1,0,0,0.0,0,0,2025-04-04T03:00:00+00:00,2025-04-04T04:00:00+00:00,2025-04-03T18:45:59+00:00,2025-04-03 18:50:35
/v1/utilizations/68705467137,Utilization,68705467137,/v1/points/0,/v1/types/2,/v1/granularities/5,/v1/granularity_time_zones/0,/v1/activities/1,/v1/classifications/1,0,0,0.0,0,0,2025-04-04T04:00:00+00:00,2025-04-04T05:00:00+00:00,2025-04-03T18:45:59+00:00,2025-04-03 18:50:35
/v1/utilizations/68705780833,Utilization,68705780833,/v1/points/0,/v1/types/2,/v1/granularities/5,/v1/granularity_time_zones/0,/v1/activities/1,/v1/classifications/1,234800,234800,0.009599183686077595,0,0,2025-04-04T05:00:00+00:00,2025-04-04T06:00:00+00:00,2025-04-03T18:45:59+00:00,2025-04-03 18:50:35
/v1/utilizations/68706096404,Utilization,68706096404,/v1/points/0,/v1/types/2,/v1/granularities/5,/v1/granularity_time_zones/0,/v1/activities/1,/v1/classifications/1,2674631,2674631,0.10934390127658844,0,0,2025-04-04T06:00:00+00:00,2025-04-04T07:00:00+00:00,2025-04-03T18:45:59+00:00,2025-04-03 18:50:35
/v1/utilizations/68706413850,Utilization,68706413850,/v1/points/0,/v1/types/2,/v1/granularities/5,/v1/granularity_time_zones/0,/v1/activities/1,/v1/classifications/1,7193413,7193413,0.29407575726509094,0,0,2025-04-04T07:00:00+00:00,2025-04-04T08:00:00+00:00,2025-04-03T18:45:59+00:00,2025-04-03 18:50:35
/v1/utilizations/68706733171,Utilization,68706733171,/v1/points/0,/v1/types/2,/v1/granularities/5,/v1/granularity_time_zones/0,/v1/activities/1,/v1/classifications/1,11809607,11809607,0.4827845096588135,0,0,2025-04-04T08:00:00+00:00,2025-04-04T09:00:00+00:00,2025-04-03T18:45:59+00:00,2025-04-03 18:50:35
/v1/utilizations/68707054365,Utilization,68707054365,/v1/points/0,/v1/types/2,/v1/granularities/5,/v1/granularity_time_zones/0,/v1/activities/1,/v1/classifications/1,15399449,15399449,0.6295300126075745,0,0,2025-04-04T09:00:00+00:00,2025-04-04T10:00:00+00:00,2025-04-03T18:45:59+00:00,2025-04-03 18:50:35
/v1/utilizations/68707377436,Utilization,68707377436,/v1/points/0,/v1/types/2,/v1/granularities/5,/v1/granularity_time_zones/0,/v1/activities/1,/v1/classifications/1,17900934,17900934,0.7317797541618347,0,0,2025-04-04T10:00:00+00:00,2025-04-04T11:00:00+00:00,2025-04-03T18:45:59+00:00,2025-04-03 18:50:35
/v1/utilizations/68707702382,Utilization,68707702382,/v1/points/0,/v1/types/2,/v1/granularities/5,/v1/granularity_time_zones/0,/v1/activities/1,/v1/classifications/1,19083319,19083319,0.7801030278205872,0,0,2025-04-04T11:00:00+00:00,2025-04-04T12:00:00+00:00,2025-04-03T18:45:59+00:00,2025-04-03 18:50:35
/v1/utilizations/68708029203,Utilization,68708029203,/v1/points/0,/v1/types/2,/v1/granularities/5,/v1/granularity_time_zones/0,/v1/activities/1,/v1/classifications/1,18845323,18845323,0.7703624963760376,0,0,2025-04-04T12:00:00+00:00,2025-04-04T13:00:00+00:00,2025-04-03T18:45:59+00:00,2025-04-03 18:50:35
/v1/utilizations/68708357899,Utilization,68708357899,/v1/points/0,/v1/types/2,/v1/granularities/5,/v1/granularity_time_zones/0,/v1/activities/1,/v1/classifications/1,17219730,17219730,0.7039007544517517,0,0,2025-04-04T13:00:00+00:00,2025-04-04T14:00:00+00:00,2025-04-03T18:45:59+00:00,2025-04-03 18:50:35
/v1/utilizations/68708688470,Utilization,68708688470,/v1/points/0,/v1/types/2,/v1/granularities/5,/v1/granularity_time_zones/0,/v1/activities/1,/v1/classifications/1,14364688,14364688,0.587184727191925,0,0,2025-04-04T14:00:00+00:00,2025-04-04T15:00:00+00:00,2025-04-03T18:45:59+00:00,2025-04-03 18:50:35
/v1/utilizations/68709020916,Utilization,68709020916,/v1/points/0,/v1/types/2,/v1/granularities/5,/v1/granularity_time_zones/0,/v1/activities/1,/v1/classifications/1,10560641,10560641,0.43168050050735474,0,0,2025-04-04T15:00:00+00:00,2025-04-04T16:00:00+00:00,2025-04-03T18:45:59+00:00,2025-04-03 18:50:35
/v1/utilizations/68709355237,Utilization,68709355237,/v1/points/0,/v1/types/2,/v1/granularities/5,/v1/granularity_time_zones/0,/v1/activities/1,/v1/classifications/1,6244126,6244126,0.255233496427536,0,0,2025-04-04T16:00:00+00:00,2025-04-04T17:00:00+00:00,2025-04-03T18:45:59+00:00,2025-04-03 18:50:35
/v1/utilizations/68709692165,Utilization,68709692165,/v1/points/0,/v1/types/2,/v1/granularities/5,/v1/granularity_time_zones/0,/v1/activities/1,/v1/classifications/1,2067866,2067866,0.08452440053224564,0,0,2025-04-04T17:00:00+00:00,2025-04-04T18:00:00+00:00,2025-04-03T18:45:59+00:00,2025-04-03 18:50:35
/v1/utilizations/68710012948,Utilization,68710012948,/v1/points/0,/v1/types/2,/v1/granularities/5,/v1/granularity_time_zones/0,/v1/activities/1,/v1/classifications/1,61033,61033,0.0024947049096226692,0,0,2025-04-04T18:00:00+00:00,2025-04-04T19:00:00+00:00,2025-04-03T18:45:59+00:00,2025-04-03 18:50:35
/v1/utilizations/68710353626,Utilization,68710353626,/v1/points/0,/v1/types/2,/v1/granularities/5,/v1/granularity_time_zones/0,/v1/activities/1,/v1/classifications/1,0,0,0.0,0,0,2025-04-04T19:00:00+00:00,2025-04-04T20:00:00+00:00,2025-04-03T18:45:59+00:00,2025-04-03 18:50:35
/v1/utilizations/68710696179,Utilization,68710696179,/v1/points/0,/v1/types/2,/v1/granularities/5,/v1/granularity_time_zones/0,/v1/activities/1,/v1/classifications/1,0,0,0.0,0,0,2025-04-04T20:00:00+00:00,2025-04-04T21:00:00+00:00,2025-04-03T18:45:59+00:00,2025-04-03 18:50:35
/v1/utilizations/68711022536,Utilization,68711022536,/v1/points/0,/v1/types/2,/v1/granularities/5,/v1/granularity_time_zones/0,/v1/activities/1,/v1/classifications/1,0,0,0.0,0,0,2025-04-04T21:00:00+00:00,2025-04-04T22:00:00+00:00,2025-04-03T18:45:59+00:00,2025-04-03 18:50:35
/v1/utilizations/68711332732,Utilization,68711332732,/v1/points/0,/v1/types/2,/v1/granularities/5,/v1/granularity_time_zones/0,/v1/activities/1,/v1/classifications/1,0,0,0.0,0,0,2025-04-04T22:00:00+00:00,2025-04-04T23:00:00+00:00,2025-04-03T18:45:59+00:00,2025-04-03 18:50:35
/v1/utilizations/68711635336,Utilization,68711635336,/v1/points/0,/v1/types/2,/v1/granularities/5,/v1/granularity_time_zones/0,/v1/activities/1,/v1/classifications/1,0,0,0.0,0,0,2025-04-04T23:00:00+00:00,2025-04-05T00:00:00+00:00,2025-04-03T18:45:59+00:00,2025-04-03 18:50:35
/v1/utilizations/68711939840,Utilization,68711939840,/v1/points/0,/v1/types/2,/v1/granularities/5,/v1/granularity_time_zones/0,/v1/activities/1,/v1/classifications/1,0,0,0.0,0,0,2025-04-05T00:00:00+00:00,2025-04-05T01:00:00+00:00,2025-04-03T18:45:59+00:00,2025-04-03 18:50:35
/v1/utilizations/68712246238,Utilization,68712246238,/v1/points/0,/v1/types/2,/v1/granularities/5,/v1/granularity_time_zones/0,/v1/activities/1,/v1/classifications/1,0,0,0.0,0,0,2025-04-05T01:00:00+00:00,2025-04-05T02:00:00+00:00,2025-04-03T18:45:59+00:00,2025-04-03 18:50:35
/v1/utilizations/68712554511,Utilization,68712554511,/v1/points/0,/v1/types/2,/v1/granularities/5,/v1/granularity_time_zones/0,/v1/activities/1,/v1/classifications/1,0,0,0.0,0,0,2025-04-05T02:00:00+00:00,2025-04-05T03:00:00+00:00,2025-04-03T18:45:59+00:00,2025-04-03 18:50:35
/v1/utilizations/68712861739,Utilization,68712861739,/v1/points/0,/v1/types/2,/v1/granularities/5,/v1/granularity_time_zones/0,/v1/activities/1,/v1/classifications/1,0,0,0.0,0,0,2025-04-05T03:00:00+00:00,2025-04-05T04:00:00+00:00,2025-04-03T18:45:59+00:00,2025-04-03 18:50:35
/v1/utilizations/68714645892,Utilization,68714645892,/v1/points/0,/v1/types/2,/v1/granularities/5,/v1/granularity_time_zones/0,/v1/activities/1,/v1/classifications/1,0,0,0.0,0,0,2025-04-05T04:00:00+00:00,2025-04-05T05:00:00+00:00,2025-04-03T18:45:59+00:00,2025-04-03 18:50:35
/v1/utilizations/68714956914,Utilization,68714956914,/v1/points/0,/v1/types/2,/v1/granularities/5,/v1/granularity_time_zones/0,/v1/activities/1,/v1/classifications/1,269964,269964,0.01103276014328003,0,0,2025-04-05T05:00:00+00:00,2025-04-05T06:00:00+00:00,2025-04-03T18:45:59+00:00,2025-04-03 18:50:35
/v1/utilizations/68715269833,Utilization,68715269833,/v1/points/0,/v1/types/2,/v1/granularities/5,/v1/granularity_time_zones/0,/v1/activities/1,/v1/classifications/1,2823029,2823029,0.11536867171525955,0,0,2025-04-05T06:00:00+00:00,2025-04-05T07:00:00+00:00,2025-04-03T18:45:59+00:00,2025-04-03 18:50:35
/v1/utilizations/68715584649,Utilization,68715584649,/v1/points/0,/v1/types/2,/v1/granularities/5,/v1/granularity_time_zones/0,/v1/activities/1,/v1/classifications/1,7377916,7377916,0.30150875449180603,0,0,2025-04-05T07:00:00+00:00,2025-04-05T08:00:00+00:00,2025-04-03T18:45:59+00:00,2025-04-03 18:50:35
/v1/utilizations/68715901362,Utilization,68715901362,/v1/points/0,/v1/types/2,/v1/granularities/5,/v1/granularity_time_zones/0,/v1/activities/1,/v1/classifications/1,11998874,11998874,0.49034324288368225,0,0,2025-04-05T08:00:00+00:00,2025-04-05T09:00:00+00:00,2025-04-03T18:45:59+00:00,2025-04-03 18:50:35
/v1/utilizations/68716219972,Utilization,68716219972,/v1/points/0,/v1/types/2,/v1/granularities/5,/v1/granularity_time_zones/0,/v1/activities/1,/v1/classifications/1,15593911,15593911,0.6372479796409607,0,0,2025-04-05T09:00:00+00:00,2025-04-05T10:00:00+00:00,2025-04-03T18:45:59+00:00,2025-04-03 18:50:35
/v1/utilizations/68716540479,Utilization,68716540479,/v1/points/0,/v1/types/2,/v1/granularities/5,/v1/granularity_time_zones/0,/v1/activities/1,/v1/classifications/1,18076492,18076492,0.7386877536773682,0,0,2025-04-05T10:00:00+00:00,2025-04-05T11:00:00+00:00,2025-04-03T18:45:59+00:00,2025-04-03 18:50:35
/v1/utilizations/68716862883,Utilization,68716862883,/v1/points/0,/v1/types/2,/v1/granularities/5,/v1/granularity_time_zones/0,/v1/activities/1,/v1/classifications/1,19216036,19216036,0.7852429747581482,0,0,2025-04-05T11:00:00+00:00,2025-04-05T12:00:00+00:00,2025-04-03T18:45:59+00:00,2025-04-03 18:50:35
/v1/utilizations/68717187184,Utilization,68717187184,/v1/points/0,/v1/types/2,/v1/granularities/5,/v1/granularity_time_zones/0,/v1/activities/1,/v1/classifications/1,18781773,18781773,0.767485499382019,0,0,2025-04-05T12:00:00+00:00,2025-04-05T13:00:00+00:00,2025-04-03T18:45:59+00:00,2025-04-03 18:50:35
/v1/utilizations/68717513382,Utilization,68717513382,/v1/points/0,/v1/types/2,/v1/granularities/5,/v1/granularity_time_zones/0,/v1/activities/1,/v1/classifications/1,16916383,16916383,0.6912490129470825,0,0,2025-04-05T13:00:00+00:00,2025-04-05T14:00:00+00:00,2025-04-03T18:45:59+00:00,2025-04-03 18:50:35
/v1/utilizations/68717841477,Utilization,68717841477,/v1/points/0,/v1/types/2,/v1/granularities/5,/v1/granularity_time_zones/0,/v1/activities/1,/v1/classifications/1,13990664,13990664,0.5716877579689026,0,0,2025-04-05T14:00:00+00:00,2025-04-05T15:00:00+00:00,2025-04-03T18:45:59+00:00,2025-04-03 18:50:35
/v1/utilizations/68718171469,Utilization,68718171469,/v1/points/0,/v1/types/2,/v1/granularities/5,/v1/granularity_time_zones/0,/v1/activities/1,/v1/classifications/1,10178649,10178649,0.41591450572013855,0,0,2025-04-05T15:00:00+00:00,2025-04-05T16:00:00+00:00,2025-04-03T18:45:59+00:00,2025-04-03 18:50:35
/v1/utilizations/68718503358,Utilization,68718503358,/v1/points/0,/v1/types/2,/v1/granularities/5,/v1/granularity_time_zones/0,/v1/activities/1,/v1/classifications/1,5848959,5848959,0.23899349570274353,0,0,2025-04-05T16:00:00+00:00,2025-04-05T17:00:00+00:00,2025-04-03T18:45:59+00:00,2025-04-03 18:50:35
/v1/utilizations/68718837144,Utilization,68718837144,/v1/points/0,/v1/types/2,/v1/granularities/5,/v1/granularity_time_zones/0,/v1/activities/1,/v1/classifications/1,1791257,1791257,0.07319130003452301,0,0,2025-04-05T17:00:00+00:00,2025-04-05T18:00:00+00:00,2025-04-03T18:45:59+00:00,2025-04-03 18:50:35
/v1/utilizations/68719172827,Utilization,68719172827,/v1/points/0,/v1/types/2,/v1/granularities/5,/v1/granularity_time_zones/0,/v1/activities/1,/v1/classifications/1,50777,50777,0.0020747375674545765,0,0,2025-04-05T18:00:00+00:00,2025-04-05T19:00:00+00:00,2025-04-03T18:45:59+00:00,2025-04-03 18:50:35
/v1/utilizations/68719510407,Utilization,68719510407,/v1/points/0,/v1/types/2,/v1/granularities/5,/v1/granularity_time_zones/0,/v1/activities/1,/v1/classifications/1,0,0,0.0,0,0,2025-04-05T19:00:00+00:00,2025-04-05T20:00:00+00:00,2025-04-03T18:45:59+00:00,2025-04-03 18:50:35
/v1/utilizations/68719849884,Utilization,68719849884,/v1/points/0,/v1/types/2,/v1/granularities/5,/v1/granularity_time_zones/0,/v1/activities/1,/v1/classifications/1,0,0,0.0,0,0,2025-04-05T20:00:00+00:00,2025-04-05T21:00:00+00:00,2025-04-03T18:45:59+00:00,2025-04-03 18:50:35
/v1/utilizations/68720191258,Utilization,68720191258,/v1/points/0,/v1/types/2,/v1/granularities/5,/v1/granularity_time_zones/0,/v1/activities/1,/v1/classifications/1,0,0,0.0,0,0,2025-04-05T21:00:00+00:00,2025-04-05T22:00:00+00:00,2025-04-03T18:45:59+00:00,2025-04-03 18:50:35
/v1/utilizations/68720498392,Utilization,68720498392,/v1/points/0,/v1/types/2,/v1/granularities/5,/v1/granularity_time_zones/0,/v1/activities/1,/v1/classifications/1,0,0,0.0,0,0,2025-04-05T22:00:00+00:00,2025-04-05T23:00:00+00:00,2025-04-03T18:45:59+00:00,2025-04-03 18:50:35
/v1/utilizations/68720760557,Utilization,68720760557,/v1/points/0,/v1/types/2,/v1/granularities/5,/v1/granularity_time_zones/0,/v1/activities/1,/v1/classifications/1,0,0,0.0,0,0,2025-04-05T23:00:00+00:00,2025-04-06T00:00:00+00:00,2025-04-03T18:45:59+00:00,2025-04-03 18:50:35
/v1/utilizations/68720846026,Utilization,68720846026,/v1/points/0,/v1/types/2,/v1/granularities/5,/v1/granularity_time_zones/0,/v1/activities/1,/v1/classifications/1,0,0,0.0,0,0,2025-04-06T00:00:00+00:00,2025-04-06T01:00:00+00:00,2025-04-03T18:45:59+00:00,2025-04-03 18:50:35
/v1/utilizations/68721114501,Utilization,68721114501,/v1/points/0,/v1/types/2,/v1/granularities/5,/v1/granularity_time_zones/0,/v1/activities/1,/v1/classifications/1,0,0,0.0,0,0,2025-04-06T01:00:00+00:00,2025-04-06T02:00:00+00:00,2025-04-03T18:45:59+00:00,2025-04-03 18:50:35
/v1/utilizations/68721384839,Utilization,68721384839,/v1/points/0,/v1/types/2,/v1/granularities/5,/v1/granularity_time_zones/0,/v1/activities/1,/v1/classifications/1,0,0,0.0,0,0,2025-04-06T02:00:00+00:00,2025-04-06T03:00:00+00:00,2025-04-03T18:45:59+00:00,2025-04-03 18:50:35
/v1/utilizations/68721662362,Utilization,68721662362,/v1/points/0,/v1/types/2,/v1/granularities/5,/v1/granularity_time_zones/0,/v1/activities/1,/v1/classifications/1,0,0,0.0,0,0,2025-04-06T03:00:00+00:00,2025-04-06T04:00:00+00:00,2025-04-03T18:45:59+00:00,2025-04-03 18:50:35
/v1/utilizations/68723432131,Utilization,68723432131,/v1/points/0,/v1/types/2,/v1/granularities/5,/v1/granularity_time_zones/0,/v1/activities/1,/v1/classifications/1,0,0,0.0,0,0,2025-04-06T04:00:00+00:00,2025-04-06T05:00:00+00:00,2025-04-03T18:45:59+00:00,2025-04-03 18:50:35
/v1/utilizations/68723713404,Utilization,68723713404,/v1/points/0,/v1/types/2,/v1/granularities/5,/v1/granularity_time_zones/0,/v1/activities/1,/v1/classifications/1,323934,323934,0.013233548030257225,0,0,2025-04-06T05:00:00+00:00,2025-04-06T06:00:00+00:00,2025-04-03T18:45:59+00:00,2025-04-03 18:50:35
/v1/utilizations/68723996552,Utilization,68723996552,/v1/points/0,/v1/types/2,/v1/granularities/5,/v1/granularity_time_zones/0,/v1/activities/1,/v1/classifications/1,2978329,2978329,0.12167112529277802,0,0,2025-04-06T06:00:00+00:00,2025-04-06T07:00:00+00:00,2025-04-03T18:45:59+00:00,2025-04-03 18:50:35
/v1/utilizations/68724281575,Utilization,68724281575,/v1/points/0,/v1/types/2,/v1/granularities/5,/v1/granularity_time_zones/0,/v1/activities/1,/v1/classifications/1,7675811,7675811,0.31356850266456604,0,0,2025-04-06T07:00:00+00:00,2025-04-06T08:00:00+00:00,2025-04-03T18:45:59+00:00,2025-04-03 18:50:35
/v1/utilizations/68724568686,Utilization,68724568686,/v1/points/0,/v1/types/2,/v1/granularities/5,/v1/granularity_time_zones/0,/v1/activities/1,/v1/classifications/1,12440736,12440736,0.5082157254219055,0,0,2025-04-06T08:00:00+00:00,2025-04-06T09:00:00+00:00,2025-04-03T18:45:59+00:00,2025-04-03 18:50:35
/v1/utilizations/68724857661,Utilization,68724857661,/v1/points/0,/v1/types/2,/v1/granularities/5,/v1/granularity_time_zones/0,/v1/activities/1,/v1/classifications/1,16068186,16068186,0.6563904881477356,0,0,2025-04-06T09:00:00+00:00,2025-04-06T10:00:00+00:00,2025-04-03T18:45:59+00:00,2025-04-03 18:50:35
/v1/utilizations/68725148500,Utilization,68725148500,/v1/points/0,/v1/types/2,/v1/granularities/5,/v1/granularity_time_zones/0,/v1/activities/1,/v1/classifications/1,18461485,18461485,0.7541459798812866,0,0,2025-04-06T10:00:00+00:00,2025-04-06T11:00:00+00:00,2025-04-03T18:45:59+00:00,2025-04-03 18:50:35
/v1/utilizations/68725441203,Utilization,68725441203,/v1/points/0,/v1/types/2,/v1/granularities/5,/v1/granularity_time_zones/0,/v1/activities/1,/v1/classifications/1,19556293,19556293,0.7988564968109131,0,0,2025-04-06T11:00:00+00:00,2025-04-06T12:00:00+00:00,2025-04-03T18:45:59+00:00,2025-04-03 18:50:35
/v1/utilizations/68725735770,Utilization,68725735770,/v1/points/0,/v1/types/2,/v1/granularities/5,/v1/granularity_time_zones/0,/v1/activities/1,/v1/classifications/1,19246792,19246792,0.7862020134925842,0,0,2025-04-06T12:00:00+00:00,2025-04-06T13:00:00+00:00,2025-04-03T18:45:59+00:00,2025-04-03 18:50:35
/v1/utilizations/68726032201,Utilization,68726032201,/v1/points/0,/v1/types/2,/v1/granularities/5,/v1/granularity_time_zones/0,/v1/activities/1,/v1/classifications/1,17527124,17527124,0.7159452438354492,0,0,2025-04-06T13:00:00+00:00,2025-04-06T14:00:00+00:00,2025-04-03T18:45:59+00:00,2025-04-03 18:50:35
/v1/utilizations/68726330496,Utilization,68726330496,/v1/points/0,/v1/types/2,/v1/granularities/5,/v1/granularity_time_zones/0,/v1/activities/1,/v1/classifications/1,14742996,14742996,0.602210521697998,0,0,2025-04-06T14:00:00+00:00,2025-04-06T15:00:00+00:00,2025-04-03T18:45:59+00:00,2025-04-03 18:50:35
/v1/utilizations/68726630655,Utilization,68726630655,/v1/points/0,/v1/types/2,/v1/granularities/5,/v1/granularity_time_zones/0,/v1/activities/1,/v1/classifications/1,10955088,10955088,0.4474785029888153,0,0,2025-04-06T15:00:00+00:00,2025-04-06T16:00:00+00:00,2025-04-03T18:45:59+00:00,2025-04-03 18:50:35
/v1/utilizations/68726932678,Utilization,68726932678,/v1/points/0,/v1/types/2,/v1/granularities/5,/v1/granularity_time_zones/0,/v1/activities/1,/v1/classifications/1,6447249,6447249,0.26334425806999207,0,0,2025-04-06T16:00:00+00:00,2025-04-06T17:00:00+00:00,2025-04-03T18:45:59+00:00,2025-04-03 18:50:35
/v1/utilizations/68727236565,Utilization,68727236565,/v1/points/0,/v1/types/2,/v1/granularities/5,/v1/granularity_time_zones/0,/v1/activities/1,/v1/classifications/1,2001545,2001545,0.08175410330295563,0,0,2025-04-06T17:00:00+00:00,2025-04-06T18:00:00+00:00,2025-04-03T18:45:59+00:00,2025-04-03 18:50:35
/v1/utilizations/68727542316,Utilization,68727542316,/v1/points/0,/v1/types/2,/v1/granularities/5,/v1/granularity_time_zones/0,/v1/activities/1,/v1/classifications/1,79989,79989,0.0032671450171619654,0,0,2025-04-06T18:00:00+00:00,2025-04-06T19:00:00+00:00,2025-04-03T18:45:59+00:00,2025-04-03 18:50:35
/v1/utilizations/68727849931,Utilization,68727849931,/v1/points/0,/v1/types/2,/v1/granularities/5,/v1/granularity_time_zones/0,/v1/activities/1,/v1/classifications/1,0,0,0.0,0,0,2025-04-06T19:00:00+00:00,2025-04-06T20:00:00+00:00,2025-04-03T18:45:59+00:00,2025-04-03 18:50:35
/v1/utilizations/68728159410,Utilization,68728159410,/v1/points/0,/v1/types/2,/v1/granularities/5,/v1/granularity_time_zones/0,/v1/activities/1,/v1/classifications/1,0,0,0.0,0,0,2025-04-06T20:00:00+00:00,2025-04-06T21:00:00+00:00,2025-04-03T18:45:59+00:00,2025-04-03 18:50:35
/v1/utilizations/68728472187,Utilization,68728472187,/v1/points/0,/v1/types/2,/v1/granularities/5,/v1/granularity_time_zones/0,/v1/activities/1,/v1/classifications/1,0,0,0.0,0,0,2025-04-06T21:00:00+00:00,2025-04-06T22:00:00+00:00,2025-04-03T18:45:59+00:00,2025-04-03 18:50:35
/v1/utilizations/68728749795,Utilization,68728749795,/v1/points/0,/v1/types/2,/v1/granularities/5,/v1/granularity_time_zones/0,/v1/activities/1,/v1/classifications/1,0,0,0.0,0,0,2025-04-06T22:00:00+00:00,2025-04-06T23:00:00+00:00,2025-04-03T18:45:59+00:00,2025-04-03 18:50:35
/v1/utilizations/68729020806,Utilization,68729020806,/v1/points/0,/v1/types/2,/v1/granularities/5,/v1/granularity_time_zones/0,/v1/activities/1,/v1/classifications/1,0,0,0.0,0,0,2025-04-06T23:00:00+00:00,2025-04-07T00:00:00+00:00,2025-04-03T18:45:59+00:00,2025-04-03 18:50:35
/v1/utilizations/68729293717,Utilization,68729293717,/v1/points/0,/v1/types/2,/v1/granularities/5,/v1/granularity_time_zones/0,/v1/activities/1,/v1/classifications/1,0,0,0.0,0,0,2025-04-07T00:00:00+00:00,2025-04-07T01:00:00+00:00,2025-04-03T18:45:59+00:00,2025-04-03 18:50:35
/v1/utilizations/68729568521,Utilization,68729568521,/v1/points/0,/v1/types/2,/v1/granularities/5,/v1/granularity_time_zones/0,/v1/activities/1,/v1/classifications/1,0,0,0.0,0,0,2025-04-07T01:00:00+00:00,2025-04-07T02:00:00+00:00,2025-04-03T18:45:59+00:00,2025-04-03 18:50:35
/v1/utilizations/68729845200,Utilization,68729845200,/v1/points/0,/v1/types/2,/v1/granularities/5,/v1/granularity_time_zones/0,/v1/activities/1,/v1/classifications/1,0,0,0.0,0,0,2025-04-07T02:00:00+00:00,2025-04-07T03:00:00+00:00,2025-04-03T18:45:59+00:00,2025-04-03 18:50:35
/v1/utilizations/68730123754,Utilization,68730123754,/v1/points/0,/v1/types/2,/v1/granularities/5,/v1/granularity_time_zones/0,/v1/activities/1,/v1/classifications/1,0,0,0.0,0,0,2025-04-07T03:00:00+00:00,2025-04-07T04:00:00+00:00,2025-04-03T18:45:59+00:00,2025-04-03 18:50:35
/v1/utilizations/68731894254,Utilization,68731894254,/v1/points/0,/v1/types/2,/v1/granularities/5,/v1/granularity_time_zones/0,/v1/activities/1,/v1/classifications/1,0,0,0.0,0,0,2025-04-07T04:00:00+00:00,2025-04-07T05:00:00+00:00,2025-04-03T18:45:59+00:00,2025-04-03 18:50:35
/v1/utilizations/68732176514,Utilization,68732176514,/v1/points/0,/v1/types/2,/v1/granularities/5,/v1/granularity_time_zones/0,/v1/activities/1,/v1/classifications/1,355464,355464,0.01451636478304863,0,0,2025-04-07T05:00:00+00:00,2025-04-07T06:00:00+00:00,2025-04-03T18:45:59+00:00,2025-04-03 18:50:35
/v1/utilizations/68732460627,Utilization,68732460627,/v1/points/0,/v1/types/2,/v1/granularities/5,/v1/granularity_time_zones/0,/v1/activities/1,/v1/classifications/1,3031325,3031325,0.12379087507724762,0,0,2025-04-07T06:00:00+00:00,2025-04-07T07:00:00+00:00,2025-04-03T18:45:59+00:00,2025-04-03 18:50:35
/v1/utilizations/68732746593,Utilization,68732746593,/v1/points/0,/v1/types/2,/v1/granularities/5,/v1/granularity_time_zones/0,/v1/activities/1,/v1/classifications/1,7628211,7628211,0.31151074171066284,0,0,2025-04-07T07:00:00+00:00,2025-04-07T08:00:00+00:00,2025-04-03T18:45:59+00:00,2025-04-03 18:50:35
/v1/utilizations/68733034412,Utilization,68733034412,/v1/points/0,/v1/types/2,/v1/granularities/5,/v1/granularity_time_zones/0,/v1/activities/1,/v1/classifications/1,12287160,12287160,0.5017595291137695,0,0,2025-04-07T08:00:00+00:00,2025-04-07T09:00:00+00:00,2025-04-03T18:45:59+00:00,2025-04-03 18:50:35
/v1/utilizations/68733324084,Utilization,68733324084,/v1/points/0,/v1/types/2,/v1/granularities/5,/v1/granularity_time_zones/0,/v1/activities/1,/v1/classifications/1,15884633,15884633,0.6486564874649048,0,0,2025-04-07T09:00:00+00:00,2025-04-07T10:00:00+00:00,2025-04-03T18:45:59+00:00,2025-04-03 18:50:35
/v1/utilizations/68733615609,Utilization,68733615609,/v1/points/0,/v1/types/2,/v1/granularities/5,/v1/granularity_time_zones/0,/v1/activities/1,/v1/classifications/1,18295259,18295259,0.7470842599868774,0,0,2025-04-07T10:00:00+00:00,2025-04-07T11:00:00+00:00,2025-04-03T18:45:59+00:00,2025-04-03 18:50:35
/v1/utilizations/68733908987,Utilization,68733908987,/v1/points/0,/v1/types/2,/v1/granularities/5,/v1/granularity_time_zones/0,/v1/activities/1,/v1/classifications/1,19422020,19422020,0.7930832505226135,0,0,2025-04-07T11:00:00+00:00,2025-04-07T12:00:00+00:00,2025-04-03T18:45:59+00:00,2025-04-03 18:50:35
/v1/utilizations/68734204748,Utilization,68734204748,/v1/points/0,/v1/types/2,/v1/granularities/5,/v1/granularity_time_zones/0,/v1/activities/1,/v1/classifications/1,19156226,19156226,0.7822182774543762,0,0,2025-04-07T12:00:00+00:00,2025-04-07T13:00:00+00:00,2025-04-03T18:45:59+00:00,2025-04-03 18:50:35
/v1/utilizations/68734533594,Utilization,68734533594,/v1/points/0,/v1/types/2,/v1/granularities/5,/v1/granularity_time_zones/0,/v1/activities/1,/v1/classifications/1,17490184,17490184,0.7141770124435425,0,0,2025-04-07T13:00:00+00:00,2025-04-07T14:00:00+00:00,2025-04-03T18:45:59+00:00,2025-04-03 18:50:35
/v1/utilizations/68734848722,Utilization,68734848722,/v1/points/0,/v1/types/2,/v1/granularities/5,/v1/granularity_time_zones/0,/v1/activities/1,/v1/classifications/1,14683032,14683032,0.5995435118675232,0,0,2025-04-07T14:00:00+00:00,2025-04-07T15:00:00+00:00,2025-04-03T18:45:59+00:00,2025-04-03 18:50:35
/v1/utilizations/68735165365,Utilization,68735165365,/v1/points/0,/v1/types/2,/v1/granularities/5,/v1/granularity_time_zones/0,/v1/activities/1,/v1/classifications/1,10878328,10878328,0.44418150186538696,0,0,2025-04-07T15:00:00+00:00,2025-04-07T16:00:00+00:00,2025-04-03T18:45:59+00:00,2025-04-03 18:50:35
/v1/utilizations/68735465922,Utilization,68735465922,/v1/points/0,/v1/types/2,/v1/granularities/5,/v1/granularity_time_zones/0,/v1/activities/1,/v1/classifications/1,6415086,6415086,0.2619355022907257,0,0,2025-04-07T16:00:00+00:00,2025-04-07T17:00:00+00:00,2025-04-03T18:45:59+00:00,2025-04-03 18:50:35
/v1/utilizations/68735785595,Utilization,68735785595,/v1/points/0,/v1/types/2,/v1/granularities/5,/v1/granularity_time_zones/0,/v1/activities/1,/v1/classifications/1,2052098,2052098,0.08378847688436508,0,0,2025-04-07T17:00:00+00:00,2025-04-07T18:00:00+00:00,2025-04-03T18:45:59+00:00,2025-04-03 18:50:35
/v1/utilizations/68736106783,Utilization,68736106783,/v1/points/0,/v1/types/2,/v1/granularities/5,/v1/granularity_time_zones/0,/v1/activities/1,/v1/classifications/1,77445,77445,0.00316208740696311,0,0,2025-04-07T18:00:00+00:00,2025-04-07T19:00:00+00:00,2025-04-03T18:45:59+00:00,2025-04-03 18:50:35
/v1/utilizations/68736411586,Utilization,68736411586,/v1/points/0,/v1/types/2,/v1/granularities/5,/v1/granularity_time_zones/0,/v1/activities/1,/v1/classifications/1,0,0,0.0,0,0,2025-04-07T19:00:00+00:00,2025-04-07T20:00:00+00:00,2025-04-03T18:45:59+00:00,2025-04-03 18:50:35
/v1/utilizations/68736726659,Utilization,68736726659,/v1/points/0,/v1/types/2,/v1/granularities/5,/v1/granularity_time_zones/0,/v1/activities/1,/v1/classifications/1,0,0,0.0,0,0,2025-04-07T20:00:00+00:00,2025-04-07T21:00:00+00:00,2025-04-03T18:45:59+00:00,2025-04-03 18:50:35
/v1/utilizations/68737035384,Utilization,68737035384,/v1/points/0,/v1/types/2,/v1/granularities/5,/v1/granularity_time_zones/0,/v1/activities/1,/v1/classifications/1,0,0,0.0,0,0,2025-04-07T21:00:00+00:00,2025-04-07T22:00:00+00:00,2025-04-03T18:45:59+00:00,2025-04-03 18:50:35
/v1/utilizations/68737326887,Utilization,68737326887,/v1/points/0,/v1/types/2,/v1/granularities/5,/v1/granularity_time_zones/0,/v1/activities/1,/v1/classifications/1,0,0,0.0,0,0,2025-04-07T22:00:00+00:00,2025-04-07T23:00:00+00:00,2025-04-03T18:45:59+00:00,2025-04-03 18:50:35
/v1/utilizations/68737590622,Utilization,68737590622,/v1/points/0,/v1/types/2,/v1/granularities/5,/v1/granularity_time_zones/0,/v1/activities/1,/v1/classifications/1,0,0,0.0,0,0,2025-04-07T23:00:00+00:00,2025-04-08T00:00:00+00:00,2025-04-03T18:45:59+00:00,2025-04-03 18:50:35
/v1/utilizations/68737882799,Utilization,68737882799,/v1/points/0,/v1/types/2,/v1/granularities/5,/v1/granularity_time_zones/0,/v1/activities/1,/v1/classifications/1,0,0,0.0,0,0,2025-04-08T00:00:00+00:00,2025-04-08T01:00:00+00:00,2025-04-03T18:45:59+00:00,2025-04-03 18:50:35
/v1/utilizations/68738176545,Utilization,68738176545,/v1/points/0,/v1/types/2,/v1/granularities/5,/v1/granularity_time_zones/0,/v1/activities/1,/v1/classifications/1,0,0,0.0,0,0,2025-04-08T01:00:00+00:00,2025-04-08T02:00:00+00:00,2025-04-03T18:45:59+00:00,2025-04-03 18:50:35
/v1/utilizations/68738471828,Utilization,68738471828,/v1/points/0,/v1/types/2,/v1/granularities/5,/v1/granularity_time_zones/0,/v1/activities/1,/v1/classifications/1,0,0,0.0,0,0,2025-04-08T02:00:00+00:00,2025-04-08T03:00:00+00:00,2025-04-03T18:45:59+00:00,2025-04-03 18:50:35
/v1/utilizations/68738768648,Utilization,68738768648,/v1/points/0,/v1/types/2,/v1/granularities/5,/v1/granularity_time_zones/0,/v1/activities/1,/v1/classifications/1,0,0,0.0,0,0,2025-04-08T03:00:00+00:00,2025-04-08T04:00:00+00:00,2025-04-03T18:45:59+00:00,2025-04-03 18:50:35
/v1/utilizations/68740940425,Utilization,68740940425,/v1/points/0,/v1/types/2,/v1/granularities/5,/v1/granularity_time_zones/0,/v1/activities/1,/v1/classifications/1,0,0,0.0,0,0,2025-04-08T04:00:00+00:00,2025-04-08T05:00:00+00:00,2025-04-03T18:45:59+00:00,2025-04-03 18:50:35
/v1/utilizations/68741240275,Utilization,68741240275,/v1/points/0,/v1/types/2,/v1/granularities/5,/v1/granularity_time_zones/0,/v1/activities/1,/v1/classifications/1,362770,362770,0.014809362590312958,0,0,2025-04-08T05:00:00+00:00,2025-04-08T06:00:00+00:00,2025-04-03T18:45:59+00:00,2025-04-03 18:50:35
/v1/utilizations/68741541640,Utilization,68741541640,/v1/points/0,/v1/types/2,/v1/granularities/5,/v1/granularity_time_zones/0,/v1/activities/1,/v1/classifications/1,2872813,2872813,0.11727540194988251,0,0,2025-04-08T06:00:00+00:00,2025-04-08T07:00:00+00:00,2025-04-03T18:45:59+00:00,2025-04-03 18:50:35
/v1/utilizations/68741844520,Utilization,68741844520,/v1/points/0,/v1/types/2,/v1/granularities/5,/v1/granularity_time_zones/0,/v1/activities/1,/v1/classifications/1,7042201,7042201,0.2874757647514343,0,0,2025-04-08T07:00:00+00:00,2025-04-08T08:00:00+00:00,2025-04-03T18:45:59+00:00,2025-04-03 18:50:35
/v1/utilizations/68742148915,Utilization,68742148915,/v1/points/0,/v1/types/2,/v1/granularities/5,/v1/granularity_time_zones/0,/v1/activities/1,/v1/classifications/1,11044247,11044247,0.4508402645587921,0,0,2025-04-08T08:00:00+00:00,2025-04-08T09:00:00+00:00,2025-04-03T18:45:59+00:00,2025-04-03 18:50:35
/v1/utilizations/68742454825,Utilization,68742454825,/v1/points/0,/v1/types/2,/v1/granularities/5,/v1/granularity_time_zones/0,/v1/activities/1,/v1/classifications/1,13886453,13886453,0.5668537616729736,0,0,2025-04-08T09:00:00+00:00,2025-04-08T10:00:00+00:00,2025-04-03T18:45:59+00:00,2025-04-03 18:50:35
/v1/utilizations/68742762250,Utilization,68742762250,/v1/points/0,/v1/types/2,/v1/granularities/5,/v1/granularity_time_zones/0,/v1/activities/1,/v1/classifications/1,15586395,15586395,0.6362372636795044,0,0,2025-04-08T10:00:00+00:00,2025-04-08T11:00:00+00:00,2025-04-03T18:45:59+00:00,2025-04-03 18:50:35
/v1/utilizations/68743071190,Utilization,68743071190,/v1/points/0,/v1/types/2,/v1/granularities/5,/v1/granularity_time_zones/0,/v1/activities/1,/v1/classifications/1,16337933,16337933,0.6669047474861145,0,0,2025-04-08T11:00:00+00:00,2025-04-08T12:00:00+00:00,2025-04-03T18:45:59+00:00,2025-04-03 18:50:35
/v1/utilizations/68743382826,Utilization,68743382826,/v1/points/0,/v1/types/2,/v1/granularities/5,/v1/granularity_time_zones/0,/v1/activities/1,/v1/classifications/1,16013945,16013945,0.6536697745323181,0,0,2025-04-08T12:00:00+00:00,2025-04-08T13:00:00+00:00,2025-04-03T18:45:59+00:00,2025-04-03 18:50:35
/v1/utilizations/68743695977,Utilization,68743695977,/v1/points/0,/v1/types/2,/v1/granularities/5,/v1/granularity_time_zones/0,/v1/activities/1,/v1/classifications/1,14515983,14515983,0.5925160050392151,0,0,2025-04-08T13:00:00+00:00,2025-04-08T14:00:00+00:00,2025-04-03T18:45:59+00:00,2025-04-03 18:50:35
/v1/utilizations/68744010643,Utilization,68744010643,/v1/points/0,/v1/types/2,/v1/granularities/5,/v1/granularity_time_zones/0,/v1/activities/1,/v1/classifications/1,12034231,12034231,0.4912079870700836,0,0,2025-04-08T14:00:00+00:00,2025-04-08T15:00:00+00:00,2025-04-03T18:45:59+00:00,2025-04-03 18:50:35
/v1/utilizations/68744326824,Utilization,68744326824,/v1/points/0,/v1/types/2,/v1/granularities/5,/v1/granularity_time_zones/0,/v1/activities/1,/v1/classifications/1,8795267,8795267,0.3589960038661957,0,0,2025-04-08T15:00:00+00:00,2025-04-08T16:00:00+00:00,2025-04-03T18:45:59+00:00,2025-04-03 18:50:35
/v1/utilizations/68744644520,Utilization,68744644520,/v1/points/0,/v1/types/2,/v1/granularities/5,/v1/granularity_time_zones/0,/v1/activities/1,/v1/classifications/1,5149134,5149134,0.2101687490940094,0,0,2025-04-08T16:00:00+00:00,2025-04-08T17:00:00+00:00,2025-04-03T18:45:59+00:00,2025-04-03 18:50:35
/v1/utilizations/68744963731,Utilization,68744963731,/v1/points/0,/v1/types/2,/v1/granularities/5,/v1/granularity_time_zones/0,/v1/activities/1,/v1/classifications/1,1704978,1704978,0.06959012150764465,0,0,2025-04-08T17:00:00+00:00,2025-04-08T18:00:00+00:00,2025-04-03T18:45:59+00:00,2025-04-03 18:50:35
/v1/utilizations/68745284457,Utilization,68745284457,/v1/points/0,/v1/types/2,/v1/granularities/5,/v1/granularity_time_zones/0,/v1/activities/1,/v1/classifications/1,67059,67059,0.0027370324824005365,0,0,2025-04-08T18:00:00+00:00,2025-04-08T19:00:00+00:00,2025-04-03T18:45:59+00:00,2025-04-03 18:50:35
/v1/utilizations/68745606602,Utilization,68745606602,/v1/points/0,/v1/types/2,/v1/granularities/5,/v1/granularity_time_zones/0,/v1/activities/1,/v1/classifications/1,0,0,0.0,0,0,2025-04-08T19:00:00+00:00,2025-04-08T20:00:00+00:00,2025-04-03T18:45:59+00:00,2025-04-03 18:50:35
/v1/utilizations/68745923821,Utilization,68745923821,/v1/points/0,/v1/types/2,/v1/granularities/5,/v1/granularity_time_zones/0,/v1/activities/1,/v1/classifications/1,0,0,0.0,0,0,2025-04-08T20:00:00+00:00,2025-04-08T21:00:00+00:00,2025-04-03T18:45:59+00:00,2025-04-03 18:50:35
/v1/utilizations/68746245648,Utilization,68746245648,/v1/points/0,/v1/types/2,/v1/granularities/5,/v1/granularity_time_zones/0,/v1/activities/1,/v1/classifications/1,0,0,0.0,0,0,2025-04-08T21:00:00+00:00,2025-04-08T22:00:00+00:00,2025-04-03T18:45:59+00:00,2025-04-03 18:50:35
/v1/utilizations/68746536356,Utilization,68746536356,/v1/points/0,/v1/types/2,/v1/granularities/5,/v1/granularity_time_zones/0,/v1/activities/1,/v1/classifications/1,0,0,0.0,0,0,2025-04-08T22:00:00+00:00,2025-04-08T23:00:00+00:00,2025-04-03T18:45:59+00:00,2025-04-03 18:50:35
/v1/utilizations/68746827001,Utilization,68746827001,/v1/points/0,/v1/types/2,/v1/granularities/5,/v1/granularity_time_zones/0,/v1/activities/1,/v1/classifications/1,0,0,0.0,0,0,2025-04-08T23:00:00+00:00,2025-04-09T00:00:00+00:00,2025-04-03T18:45:59+00:00,2025-04-03 18:50:35
/v1/utilizations/68747119208,Utilization,68747119208,/v1/points/0,/v1/types/2,/v1/granularities/5,/v1/granularity_time_zones/0,/v1/activities/1,/v1/classifications/1,0,0,0.0,0,0,2025-04-09T00:00:00+00:00,2025-04-09T01:00:00+00:00,2025-04-03T18:45:59+00:00,2025-04-03 18:50:35
/v1/utilizations/68747412984,Utilization,68747412984,/v1/points/0,/v1/types/2,/v1/granularities/5,/v1/granularity_time_zones/0,/v1/activities/1,/v1/classifications/1,0,0,0.0,0,0,2025-04-09T01:00:00+00:00,2025-04-09T02:00:00+00:00,2025-04-03T18:45:59+00:00,2025-04-03 18:50:35
/v1/utilizations/68747708297,Utilization,68747708297,/v1/points/0,/v1/types/2,/v1/granularities/5,/v1/granularity_time_zones/0,/v1/activities/1,/v1/classifications/1,0,0,0.0,0,0,2025-04-09T02:00:00+00:00,2025-04-09T03:00:00+00:00,2025-04-03T18:45:59+00:00,2025-04-03 18:50:35
/v1/utilizations/68748005147,Utilization,68748005147,/v1/points/0,/v1/types/2,/v1/granularities/5,/v1/granularity_time_zones/0,/v1/activities/1,/v1/classifications/1,0,0,0.0,0,0,2025-04-09T03:00:00+00:00,2025-04-09T04:00:00+00:00,2025-04-03T18:45:59+00:00,2025-04-03 18:50:35
/v1/utilizations/68750177076,Utilization,68750177076,/v1/points/0,/v1/types/2,/v1/granularities/5,/v1/granularity_time_zones/0,/v1/activities/1,/v1/classifications/1,0,0,0.0,0,0,2025-04-09T04:00:00+00:00,2025-04-09T05:00:00+00:00,2025-04-03T18:45:59+00:00,2025-04-03 18:50:35
/v1/utilizations/68750476956,Utilization,68750476956,/v1/points/0,/v1/types/2,/v1/granularities/5,/v1/granularity_time_zones/0,/v1/activities/1,/v1/classifications/1,350746,350746,0.014313279651105404,0,0,2025-04-09T05:00:00+00:00,2025-04-09T06:00:00+00:00,2025-04-03T18:45:59+00:00,2025-04-03 18:50:35
/v1/utilizations/68750778351,Utilization,68750778351,/v1/points/0,/v1/types/2,/v1/granularities/5,/v1/granularity_time_zones/0,/v1/activities/1,/v1/classifications/1,2634242,2634242,0.10749702155590057,0,0,2025-04-09T06:00:00+00:00,2025-04-09T07:00:00+00:00,2025-04-03T18:45:59+00:00,2025-04-03 18:50:35
/v1/utilizations/68751081253,Utilization,68751081253,/v1/points/0,/v1/types/2,/v1/granularities/5,/v1/granularity_time_zones/0,/v1/activities/1,/v1/classifications/1,6430084,6430084,0.26239249110221863,0,0,2025-04-09T07:00:00+00:00,2025-04-09T08:00:00+00:00,2025-04-03T18:45:59+00:00,2025-04-03 18:50:35
/v1/utilizations/68751385678,Utilization,68751385678,/v1/points/0,/v1/types/2,/v1/granularities/5,/v1/granularity_time_zones/0,/v1/activities/1,/v1/classifications/1,10087574,10087574,0.4116377532482147,0,0,2025-04-09T08:00:00+00:00,2025-04-09T09:00:00+00:00,2025-04-03T18:45:59+00:00,2025-04-03 18:50:35
/v1/utilizations/68751691618,Utilization,68751691618,/v1/points/0,/v1/types/2,/v1/granularities/5,/v1/granularity_time_zones/0,/v1/activities/1,/v1/classifications/1,12721751,12721751,0.5191212296485901,0,0,2025-04-09T09:00:00+00:00,2025-04-09T10:00:00+00:00,2025-04-03T18:45:59+00:00,2025-04-03 18:50:35
/v1/utilizations/68751999073,Utilization,68751999073,/v1/points/0,/v1/types/2,/v1/granularities/5,/v1/granularity_time_zones/0,/v1/activities/1,/v1/classifications/1,14381995,14381995,0.5868604779243469,0,0,2025-04-09T10:00:00+00:00,2025-04-09T11:00:00+00:00,2025-04-03T18:45:59+00:00,2025-04-03 18:50:35
/v1/utilizations/68752308039,Utilization,68752308039,/v1/points/0,/v1/types/2,/v1/granularities/5,/v1/granularity_time_zones/0,/v1/activities/1,/v1/classifications/1,14910957,14910957,0.6084352731704712,0,0,2025-04-09T11:00:00+00:00,2025-04-09T12:00:00+00:00,2025-04-03T18:45:59+00:00,2025-04-03 18:50:35
/v1/utilizations/68752619705,Utilization,68752619705,/v1/points/0,/v1/types/2,/v1/granularities/5,/v1/granularity_time_zones/0,/v1/activities/1,/v1/classifications/1,14328810,14328810,0.5846725106239319,0,0,2025-04-09T12:00:00+00:00,2025-04-09T13:00:00+00:00,2025-04-03T18:45:59+00:00,2025-04-03 18:50:35
/v1/utilizations/68752932886,Utilization,68752932886,/v1/points/0,/v1/types/2,/v1/granularities/5,/v1/granularity_time_zones/0,/v1/activities/1,/v1/classifications/1,12752303,12752303,0.5203369855880737,0,0,2025-04-09T13:00:00+00:00,2025-04-09T14:00:00+00:00,2025-04-03T18:45:59+00:00,2025-04-03 18:50:35
/v1/utilizations/68753247582,Utilization,68753247582,/v1/points/0,/v1/types/2,/v1/granularities/5,/v1/granularity_time_zones/0,/v1/activities/1,/v1/classifications/1,10362417,10362417,0.4228152632713318,0,0,2025-04-09T14:00:00+00:00,2025-04-09T15:00:00+00:00,2025-04-03T18:45:59+00:00,2025-04-03 18:50:35
/v1/utilizations/68753563793,Utilization,68753563793,/v1/points/0,/v1/types/2,/v1/granularities/5,/v1/granularity_time_zones/0,/v1/activities/1,/v1/classifications/1,7529543,7529543,0.30722126364707947,0,0,2025-04-09T15:00:00+00:00,2025-04-09T16:00:00+00:00,2025-04-03T18:45:59+00:00,2025-04-03 18:50:35
/v1/utilizations/68753881251,Utilization,68753881251,/v1/points/0,/v1/types/2,/v1/granularities/5,/v1/granularity_time_zones/0,/v1/activities/1,/v1/classifications/1,4628219,4628219,0.18883849680423737,0,0,2025-04-09T16:00:00+00:00,2025-04-09T17:00:00+00:00,2025-04-03T18:45:59+00:00,2025-04-03 18:50:35
/v1/utilizations/68754195608,Utilization,68754195608,/v1/points/0,/v1/types/2,/v1/granularities/5,/v1/granularity_time_zones/0,/v1/activities/1,/v1/classifications/1,1663381,1663381,0.06786757707595825,0,0,2025-04-09T17:00:00+00:00,2025-04-09T18:00:00+00:00,2025-04-03T18:45:59+00:00,2025-04-03 18:50:35
/v1/utilizations/68754498302,Utilization,68754498302,/v1/points/0,/v1/types/2,/v1/granularities/5,/v1/granularity_time_zones/0,/v1/activities/1,/v1/classifications/1,83422,83422,0.003403647569939494,0,0,2025-04-09T18:00:00+00:00,2025-04-09T19:00:00+00:00,2025-04-03T18:45:59+00:00,2025-04-03 18:50:35
/v1/utilizations/68754802494,Utilization,68754802494,/v1/points/0,/v1/types/2,/v1/granularities/5,/v1/granularity_time_zones/0,/v1/activities/1,/v1/classifications/1,0,0,0.0,0,0,2025-04-09T19:00:00+00:00,2025-04-09T20:00:00+00:00,2025-04-03T18:45:59+00:00,2025-04-03 18:50:35
/v1/utilizations/68755108456,Utilization,68755108456,/v1/points/0,/v1/types/2,/v1/granularities/5,/v1/granularity_time_zones/0,/v1/activities/1,/v1/classifications/1,0,0,0.0,0,0,2025-04-09T20:00:00+00:00,2025-04-09T21:00:00+00:00,2025-04-03T18:45:59+00:00,2025-04-03 18:50:35
/v1/utilizations/68755415644,Utilization,68755415644,/v1/points/0,/v1/types/2,/v1/granularities/5,/v1/granularity_time_zones/0,/v1/activities/1,/v1/classifications/1,0,0,0.0,0,0,2025-04-09T21:00:00+00:00,2025-04-09T22:00:00+00:00,2025-04-03T18:45:59+00:00,2025-04-03 18:50:35
/v1/utilizations/68755704519,Utilization,68755704519,/v1/points/0,/v1/types/2,/v1/granularities/5,/v1/granularity_time_zones/0,/v1/activities/1,/v1/classifications/1,0,0,0.0,0,0,2025-04-09T22:00:00+00:00,2025-04-09T23:00:00+00:00,2025-04-03T18:45:59+00:00,2025-04-03 18:50:35
/v1/utilizations/68755993331,Utilization,68755993331,/v1/points/0,/v1/types/2,/v1/granularities/5,/v1/granularity_time_zones/0,/v1/activities/1,/v1/classifications/1,0,0,0.0,0,0,2025-04-09T23:00:00+00:00,2025-04-10T00:00:00+00:00,2025-04-03T18:45:59+00:00,2025-04-03 18:50:35
/v1/utilizations/68756283705,Utilization,68756283705,/v1/points/0,/v1/types/2,/v1/granularities/5,/v1/granularity_time_zones/0,/v1/activities/1,/v1/classifications/1,0,0,0.0,0,0,2025-04-10T00:00:00+00:00,2025-04-10T01:00:00+00:00,2025-04-03T18:45:59+00:00,2025-04-03 18:50:35
/v1/utilizations/68756575648,Utilization,68756575648,/v1/points/0,/v1/types/2,/v1/granularities/5,/v1/granularity_time_zones/0,/v1/activities/1,/v1/classifications/1,0,0,0.0,0,0,2025-04-10T01:00:00+00:00,2025-04-10T02:00:00+00:00,2025-04-03T18:45:59+00:00,2025-04-03 18:50:35
/v1/utilizations/68756869128,Utilization,68756869128,/v1/points/0,/v1/types/2,/v1/granularities/5,/v1/granularity_time_zones/0,/v1/activities/1,/v1/classifications/1,0,0,0.0,0,0,2025-04-10T02:00:00+00:00,2025-04-10T03:00:00+00:00,2025-04-03T18:45:59+00:00,2025-04-03 18:50:35
/v1/utilizations/68757164145,Utilization,68757164145,/v1/points/0,/v1/types/2,/v1/granularities/5,/v1/granularity_time_zones/0,/v1/activities/1,/v1/classifications/1,0,0,0.0,0,0,2025-04-10T03:00:00+00:00,2025-04-10T04:00:00+00:00,2025-04-03T18:45:59+00:00,2025-04-03 18:50:35
/v1/utilizations/68759333633,Utilization,68759333633,/v1/points/0,/v1/types/2,/v1/granularities/5,/v1/granularity_time_zones/0,/v1/activities/1,/v1/classifications/1,0,0,0.0,0,0,2025-04-10T04:00:00+00:00,2025-04-10T05:00:00+00:00,2025-04-03T18:45:59+00:00,2025-04-03 18:50:35
/v1/utilizations/68759631680,Utilization,68759631680,/v1/points/0,/v1/types/2,/v1/granularities/5,/v1/granularity_time_zones/0,/v1/activities/1,/v1/classifications/1,373393,373393,0.015231965109705925,0,0,2025-04-10T05:00:00+00:00,2025-04-10T06:00:00+00:00,2025-04-03T18:45:59+00:00,2025-04-03 18:50:35
/v1/utilizations/68759931230,Utilization,68759931230,/v1/points/0,/v1/types/2,/v1/granularities/5,/v1/granularity_time_zones/0,/v1/activities/1,/v1/classifications/1,2577254,2577254,0.1051335260272026,0,0,2025-04-10T06:00:00+00:00,2025-04-10T07:00:00+00:00,2025-04-03T18:45:59+00:00,2025-04-03 18:50:35
/v1/utilizations/68760232307,Utilization,68760232307,/v1/points/0,/v1/types/2,/v1/granularities/5,/v1/granularity_time_zones/0,/v1/activities/1,/v1/classifications/1,6082711,6082711,0.24812725186347961,0,0,2025-04-10T07:00:00+00:00,2025-04-10T08:00:00+00:00,2025-04-03T18:45:59+00:00,2025-04-03 18:50:35
/v1/utilizations/68760534899,Utilization,68760534899,/v1/points/0,/v1/types/2,/v1/granularities/5,/v1/granularity_time_zones/0,/v1/activities/1,/v1/classifications/1,9427128,9427128,0.38454774022102356,0,0,2025-04-10T08:00:00+00:00,2025-04-10T09:00:00+00:00,2025-04-03T18:45:59+00:00,2025-04-03 18:50:35
/v1/utilizations/68760839006,Utilization,68760839006,/v1/points/0,/v1/types/2,/v1/granularities/5,/v1/granularity_time_zones/0,/v1/activities/1,/v1/classifications/1,11923611,11923611,0.48637598752975464,0,0,2025-04-10T09:00:00+00:00,2025-04-10T10:00:00+00:00,2025-04-03T18:45:59+00:00,2025-04-03 18:50:35
/v1/utilizations/68761144628,Utilization,68761144628,/v1/points/0,/v1/types/2,/v1/granularities/5,/v1/granularity_time_zones/0,/v1/activities/1,/v1/classifications/1,13762997,13762997,0.5613982677459717,0,0,2025-04-10T10:00:00+00:00,2025-04-10T11:00:00+00:00,2025-04-03T18:45:59+00:00,2025-04-03 18:50:35
/v1/utilizations/68761451765,Utilization,68761451765,/v1/points/0,/v1/types/2,/v1/granularities/5,/v1/granularity_time_zones/0,/v1/activities/1,/v1/classifications/1,14607495,14607495,0.5958367586135864,0,0,2025-04-10T11:00:00+00:00,2025-04-10T12:00:00+00:00,2025-04-03T18:45:59+00:00,2025-04-03 18:50:35
/v1/utilizations/68761760417,Utilization,68761760417,/v1/points/0,/v1/types/2,/v1/granularities/5,/v1/granularity_time_zones/0,/v1/activities/1,/v1/classifications/1,14397017,14397017,0.5872422456741333,0,0,2025-04-10T12:00:00+00:00,2025-04-10T13:00:00+00:00,2025-04-03T18:45:59+00:00,2025-04-03 18:50:35
/v1/utilizations/68762071765,Utilization,68762071765,/v1/points/0,/v1/types/2,/v1/granularities/5,/v1/granularity_time_zones/0,/v1/activities/1,/v1/classifications/1,13158440,13158440,0.5367137789726257,0,0,2025-04-10T13:00:00+00:00,2025-04-10T14:00:00+00:00,2025-04-03T18:45:59+00:00,2025-04-03 18:50:35
/v1/utilizations/68762383833,Utilization,68762383833,/v1/points/0,/v1/types/2,/v1/granularities/5,/v1/granularity_time_zones/0,/v1/activities/1,/v1/classifications/1,11001293,11001293,0.44871973991394043,0,0,2025-04-10T14:00:00+00:00,2025-04-10T15:00:00+00:00,2025-04-03T18:45:59+00:00,2025-04-03 18:50:35
/v1/utilizations/68762698211,Utilization,68762698211,/v1/points/0,/v1/types/2,/v1/granularities/5,/v1/granularity_time_zones/0,/v1/activities/1,/v1/classifications/1,8102321,8102321,0.33047226071357727,0,0,2025-04-10T15:00:00+00:00,2025-04-10T16:00:00+00:00,2025-04-03T18:45:59+00:00,2025-04-03 18:50:35
/v1/utilizations/68762996118,Utilization,68762996118,/v1/points/0,/v1/types/2,/v1/granularities/5,/v1/granularity_time_zones/0,/v1/activities/1,/v1/classifications/1,4771258,4771258,0.19460424780845642,0,0,2025-04-10T16:00:00+00:00,2025-04-10T17:00:00+00:00,2025-04-03T18:45:59+00:00,2025-04-03 18:50:35
